,flip_token,prediction
0,560EQGK7A1YM,10078.509415126744
1,N283R19X7QWF,7684.948854256678
2,7HNA53BSS2D92,4996.703849155442
3,NN5R58HDGFB2,1223.94649017894
4,2XDMCE3HDXNNP,12491.318657650423
5,3AFCQF1D5AD2R,3881.4503299314288
6,597C92GFXBB7K,5575.777593882007
7,7N2R87SZDJF5H,7346.605543830304
8,32WVRTEPG0TNA,3934.600630882102
9,5AQ442APV2RBJ,13180.384632270361
10,2DN8DKBSCVEG5,3926.152387549066
11,3WGCACJDBA7TM,11711.801364284918
12,7RXA76JQ64YV0,5694.0623012512
13,6T6TH8VY8XF7E,8211.229102905414
14,7N4QA9ADXN3G4,-1791.387312236911
15,2G5ZZCJGESSKE,6538.439889053058
16,1ZWH1XEQE7ENP,3705.404660078002
17,6S6FC6Q9X3FS8,7237.82921452521
18,TKQ305YCSSSQ,7486.6907379245795
19,41KBZ1R6NWMTJ,6276.487086317653
20,4ZA13RVQR9ASW,9339.694990080912
21,36TTYNA4TBTV2,4632.662085223561
22,7EBFW4NW0JXCR,9875.983917612164
23,57H44XH3Y2C0F,5660.073314008903
24,3P6M9PQRB12A2,1493.2738890795345
25,2K399FPNQAWFT,9153.615103691838
26,2BQ5817NAK2AZ,6595.9878535760245
27,629412ZE47QNC,4938.361534068442
28,23XPARZ0RDTYA,3936.355072601343
29,YZ65ABF16MH7,4494.609924428592
30,APB2GXDAXDS9,5853.8802041699
31,7RW85WFY27JZB,11468.952087870242
32,4RZ4CDQ0Y7GHK,3835.761462046736
33,6FJ41CZ3ZGPAR,7242.217495629874
34,4QWMP4JYWXQN2,6696.128269289536
35,6117PV14W6KYA,3392.3212962512516
36,18NA63ZKR3F8Y,1086.7921018061668
37,2J5PA2KA4VAQM,5223.1945762190535
38,7GW84AK1Y58BE,6829.098765188096
39,4GV4EVJEW0507,7536.094958386496
40,59RZ53B8N9QGG,7408.221672295183
41,4V1PAQHQGEQ9Q,12656.262851133892
42,1VTXMEW4D5PX8,6601.239312593892
43,3E4P74JR53KBZ,5748.869325049673
44,70BRPKQCB8BTS,11632.6006799405
45,41TAZTQFVFDH8,11050.1878374097
46,736MG51E5KJ7R,8755.37496278917
47,6V97YET1A85PS,6241.130433791215
48,HG93KMDRT942,8909.599131642459
49,1NKSHXJWC2YDX,8422.26996551138
50,78VJWT4M1G9BB,5087.966066808611
51,6YNAANZT1CJF9,9784.464226255157
52,1MV5DEMSGKBSX,7346.957809995002
53,K3Y50VBWYEJN,3026.1109771915617
54,44KREYQDCR3YS,4644.977922326954
55,53DFK2CF8TAZM,11333.392084401385
56,414K20ZNZW38F,6709.244768203934
57,7CWMGE9P9JRN3,7685.969039433836
58,6K4QY016DB353,8143.429129086801
59,1C8NG3KQ1SCDR,4460.910299278814
60,4X22ZQFPCBD3W,5317.29470728486
61,57W0YBFT6842Y,5755.230082384316
62,2Q748X2D55M3H,8571.992292910782
63,5QYQCHK90KECX,5108.249606722711
64,53ZBMPRQ2AQ3V,9469.436531680774
65,305YRHERWKKXZ,5109.205721530745
66,6EN764D5KCQFW,10209.109147926985
67,2QZH6J6DRXE61,5035.684883280104
68,66FW36VNYH32M,13816.033202516348
69,71DNZ4D83YZSX,6308.630964152819
70,2JE5G51EV6XZA,7273.10499705122
71,5SK9BPW50WCF5,8035.063212416748
72,4134JQ9T0MGAB,8184.91528606722
73,218NMX8V1D1VF,3837.592447819197
74,6K3JDDMMFRBPB,7663.71041744118
75,6JNT776BS81S1,9171.59060763161
76,2979N3ZTDJ4KC,9886.353798867138
77,5H0TVF2N57ZV7,5761.626655847237
78,7XS4T96T1XGAR,5995.496548402899
79,4P43NJA71R5C1,7067.502531572929
80,2XN27RDWJR9AB,11944.372057928682
81,1ZMEM8HKA3SK1,8076.543872974718
82,6089CN992Y8HP,5223.039537298515
83,N4B5RCZKW3WB,8531.811267859379
84,3T052EQ6T4YHE,4804.030826437651
85,5TB7GQ4QF8W2P,4786.063766775698
86,7JE6SKBJT0TB2,6625.403552938692
87,4HXE51CQDFTJ2,7305.034977048472
88,KRXJQG5QV9RZ,7352.882268801651
89,7W8ZA8D4T6QCJ,4708.367021987974
90,75ED1M0KDKT7W,4119.245657806871
91,FFETJG6XBWB9,-1663.6585002164447
92,1SDCPQK0TRNX1,-75.62673876408076
93,2GA6RCC1R2CBE,9437.696429455362
94,2NAY32T30HPC7,9528.927404403305
95,74X0Z01AZS3JF,13648.912388149292
96,6ZVG1228VXPKA,5651.62701811087
97,1JA9RZH77J1HV,2417.333372827969
98,2KCCERKH30YKR,5920.734396023487
99,2A6FNVXNSA47Y,4222.538016474333
100,2R2ZZETRGFBE6,8841.6993227221
101,53NBYM0VDS2Q7,8504.72201550029
102,54M3B2ZZAGPS0,9899.661103064842
103,1AHM3WGXZKKH5,7415.443655444256
104,455J7EM6DAC2N,13830.31615919527
105,519S1GAEH3SKS,5633.745932810348
106,4E1HFPY6FCDG2,7162.083715829849
107,130RHW79V8R6D,7884.306116097875
108,1E8VFFMN5TPVS,8710.321298488368
109,4SMWMGDEB6B9A,4761.90480856466
110,1FCD5QF7ASQZQ,6795.213416045334
111,37TGD6STFBNE5,6534.243305745692
112,1VSEKC9RJTAPT,9887.185336099596
113,6EM3ACQP56GY6,5647.796761133927
114,528DD8TA3823W,5800.491853834346
115,4Y99E0V6TXC6K,7562.3242112744465
116,7D5YPNV73VHDA,6642.169576917042
117,7XDPR9C5J0JVM,6948.865563540058
118,1RS3VBER42ZS0,10515.923175392541
119,23VREG371JSR6,7529.134790917628
120,69J8QZ66WNGJX,4259.142599122824
121,3165J9F4FMY11,7272.755590806868
122,GM5S3AR8067B,6281.788723273398
123,7QPDBGCTEH7MM,6996.454471753537
124,2FSKFJDHZ344A,11495.845069328163
125,2EH87ZKY1CK27,9332.422617127238
126,69ZXBAD5H998Y,4087.8623147590984
127,721BMN24VTBJF,7998.680797928886
128,6EMD9DGXXH6A0,7841.724099371067
129,3DH70WNJKQ530,1868.5274713241301
130,4N93XRD75Y48X,9079.266541133953
131,56X85V1X2PSPA,9643.052075027259
132,3QYXBFSQ42Q99,2510.9822346044025
133,96EBW4A1HRXW,8239.480328027545
134,78C0GEDF3QVN6,5328.27317133838
135,6KWFAS9GVBN7T,9803.24739364161
136,F8JXVNT33ZJF,8742.686861035385
137,4RCC5H7G7XV7R,7950.725482146346
138,PKSWFWB4QP1N,-2793.600678966394
139,7P4SZVBVCEQD2,7008.535601362034
140,3ZTWC82CJ167J,10702.894352282015
141,5BMM7GYGVETHR,-2873.4190068989656
142,2W2QE6YYC06E9,9831.355482995295
143,204R6KAH1KZE7,11289.18123111389
144,11P19PPVSS8QK,9401.340196483627
145,1SGMGF09DYZES,7938.210508920007
146,549AJKZA00AWH,6696.8072013265755
147,487R1HX8ESM3E,3977.0966744547486
148,6VD043TA0B4TD,1967.028660725019
149,1SC4QWET83GCH,4058.39698448319
150,7SH7C7632YBMA,8943.212229289247
151,36DB87WD73RVK,8543.462592092576
152,5N9PY8YDN04X7,4278.30046338972
153,K3BWV6NZJGYG,8926.172699186096
154,PMP99CW2D9SY,8202.590091481801
155,46NM26P69105C,11055.23831353894
156,7THQQA0PT6BS7,3400.858144056122
157,WWMRCPB3AV6R,7096.595120580608
158,60K2P16RDY3W9,2231.019668824328
159,2N02FJYMTQTEK,10734.88465565925
160,1D74H1C2EDE8J,9422.178504863368
161,7HCPQJCY7YVHM,7630.678300697583
162,2MGRB4WZ6WXX7,1985.4856039561291
163,26ZZVWTFM4SMR,7514.033507569552
164,2508NX2Q55HZJ,7010.915615264237
165,8935CHF27N2A,9268.124358822382
166,BS1QMAW8RX0B,1084.0492026928991
167,32D45DW40CZCK,7477.299332254791
168,3ZRQVJR4VFG6X,8852.657463343792
169,6S4QK0CRPP93A,8490.804155680038
170,73BJ7YT3WE8TD,6914.005736414878
171,6BNW00CBK8R11,11414.849504130416
172,2TG0XSYXQHS5W,8520.555566817926
173,6VMW8FEZ3ZNVY,6820.170930806549
174,7M6X8QHARK8AT,6452.363833102342
175,4EYBFDAY9V136,19576.692848943367
176,5Z85XVP89NQ59,8284.423223943788
177,2RYYKZYFA5BF9,4542.394501686018
178,PN4DSKAZFAH0,5423.689765782451
179,4NBRHFQCMNNCW,6933.418173877214
180,3R0S399KQ4BSZ,11184.763211941729
181,4GNM6FTF2D23W,7611.909271467087
182,7XPR3ES51PT25,7566.94118563343
183,56VYJ70CQYTCP,8072.430452861363
184,1TMBJ4ZAFYP8T,3738.945431964363
185,4SPXWJGPPDV66,11999.282534109785
186,HQCR7FKJME9J,8044.2371680206625
187,5SPA7A6NP81GA,8846.742543607203
188,7T88FBAJJ4MD1,6600.513605069661
189,1TSNWJ1W9GJKR,9937.2419043704
190,KK03NZ37H543,9059.511910255289
191,375GQQG1PE7YB,7682.808358291787
192,7D7QPGS5F6NHS,12446.954613096066
193,3YMFV3WQB9S7F,7183.908223742095
194,1569F30W7WQR7,11488.350388426526
195,5YP9QJT05GDVZ,6399.272193884563
196,G52BMDQYZV7W,10436.427061494938
197,B5NQXWFSKJ1F,2089.076111976823
198,34T1N408W95GZ,5452.21830111618
199,331XABAMCADDN,1603.8166614358117
200,1ZXBN1J34580B,2929.4543950370776
201,182F2SGQEXYSW,12483.412368276815
202,4HFB4BAYSCR88,3703.560198025471
203,17WVPQKYJ4EKK,6200.811713162922
204,3DBP72K0QX70A,5801.737566275012
205,503S2WEBX8YSM,10202.856924147341
206,38D629Y03KZQD,9893.842650620343
207,58TX74YMFDA33,9430.797646906945
208,7M0H5YWP5B1BM,5479.375817765832
209,4K9J62YGER930,5555.977701376787
210,4GQGBB7ZHXCRZ,8118.009822856433
211,1427DM65RPYTN,10231.106451064607
212,73NAZ2TQFH17G,6202.0095922893515
213,4D8B6GDZKY3AD,11950.114760224416
214,5QH2ECQBYJS9Z,9009.015761303122
215,7TYWK1AD9B4W0,11397.069112691883
216,6ABS994MJQ7T,10985.356972038451
217,14P3EY8X4J6XT,6478.259441470175
218,4F35R2ZEW1WY0,3826.0906710786867
219,7H4D44EV92QH2,4499.662316346812
220,TWZZ39EP4DJ8,4472.553698234279
221,1E73Y4ZAZGNB1,3504.9654254369734
222,4Q75Y97Q2Q2AD,7983.058427533877
223,YNKJEXXSJX0G,3429.0755643169873
224,75DTN0454QWRZ,15223.906775449625
225,7QS6YJZ0QGW18,3863.3149326419066
226,3NRPVCGF1PWBN,7350.5093583178
227,72E6XKQ2MTDP7,6909.836381961448
228,1SHEYMREEH6Y2,11879.054261587004
229,1DT9D2C98YBZN,3906.691842479806
230,6FR6QH5H1FAG0,345.72337547022744
231,44FHWA4PMPQGW,6414.668235910429
232,2ZQKN3NXK0WBD,7971.006833165235
233,65SSKWSM098RT,6776.374844722353
234,1AG6VMZ1G6C0F,9773.513662694619
235,MKHE6M2BCCD0,4563.576054978382
236,5VZ0N8QG4SKZZ,8389.523249473958
237,1G2G7FD7SB5A,7785.044666122649
238,3J4PJ2VPBDMZS,6474.789614371372
239,64WC1PFMDD23B,13741.173646916763
240,4FXE82WER4WD0,8656.715345165183
241,71PYK1BYAJ4MZ,7106.898301662336
242,279AQXHPKQXTP,10537.907631766931
243,3E6MK010XG1CF,9017.86294255218
244,4ZR128Q0T3EM7,2764.670436564833
245,5PKNSDZ4FC3PB,7095.410493590711
246,5HAWF38T6J94N,7250.919282385271
247,7XSFBQ7CE405C,1436.771517521376
248,75Y92X20FS38A,4359.402283365571
249,2QNC9CJ5BQH9J,11212.827014382707
250,1DHNZ81KT3MMV,9869.272164622493
251,HFDYWG60YY94,10202.931706468407
252,7ZMEP6ZPTFFVD,4760.255295015487
253,5H1X4QHTWEF8E,5989.946238824651
254,6R007TG3ZX852,9323.132988315121
255,51XAGDVGB3TGZ,6858.187454376052
256,3VAKCNVKVZ5F7,9010.428305622025
257,J458A58P9AZD,1258.492900085769
258,6FGXZFH4WD4M4,9552.081458740395
259,5V7R0GWX28TWF,6277.012003749728
260,3G4Q72Y9GJQRR,5622.979873385208
261,7660ZKEE6TDHP,6453.82374992554
262,1VF1CYNHK2RQV,5075.651946605376
263,4EAX5E6WWTE77,3984.065542861502
264,29FT112J3AA43,4976.27477007864
265,76BE95JKQ61GK,9575.152213675286
266,5TTSNS5BZCH6A,7483.199040068818
267,6MWA9R51VA2MN,4904.282215487909
268,51AXNK4CMSHY7,6590.440356836238
269,4TYA0F41T4RQV,8454.03400945588
270,20KEZGZT24J66,8907.52670037008
271,3M5HPS86W5169,8853.729431403586
272,51XEMFHNJM1NG,4891.337768105387
273,7RKKDNSBQJYYQ,5837.891858993516
274,592C6GY6J3TW1,3433.6625156867194
275,3M7GCKF7QAFHB,-2139.253017080956
276,2N4M1D9K41JHW,4750.487817448145
277,2R5PKTK4RDMPK,10360.857358355748
278,7AWM7AY73FVAW,7173.9366813118095
279,3G7SRBD62WWXK,7615.354259655255
280,5KMXVQ0JGZ0E1,9069.190141412917
281,5EQVYH8JQJJ69,8687.58682533041
282,29K4B9QD9V9Q6,6680.693136660186
283,1019DNFKF9QP4,4819.5435294389345
284,EPBZH37F5516,12923.288739086638
285,2XJ0XDXAQSTXZ,7647.004019940385
286,274PMDZ2BRN4T,8226.369343018727
287,6EH6P3Q01EH2S,7948.381528208128
288,2S2WAB950A045,7441.017222801647
289,46KEA41YHWGRR,2691.824798049672
290,4MXPNQMPWP1TD,4910.99479278481
291,4D79P58FQH0K4,3939.5896421755165
292,1KMXFZV6SRQ5F,1030.3379507159705
293,51233YYFQWVX2,-3539.0983600466598
294,KS7AH7SJE46J,6230.509115886328
295,7F1FRCSBMGGGS,4584.4441031956485
296,4W93VYS4Y2W4K,6733.267066686991
297,2PZFHV3TGXDD1,7316.292243682891
298,6VCT76A6ED384,6159.051109896795
299,744E6DDKS9176,3324.9623921671746
300,29XKCPPB3SKJZ,6004.377718624145
301,5RVJRPEWXY5RS,10017.540627718332
302,1MP5PAFQA9V3K,8274.858832967198
303,1E5GBTAEYA619,7112.590577941057
304,3KDJH4P6Y3TGN,4169.116715393244
305,2511KVY3NV354,11798.399142109003
306,1J70NDBC7AXWE,12658.883683540738
307,7JCA0DRFRBD34,6283.140414138118
308,3EJAR4MB3BF3Z,5799.942513941209
309,7ZZA8JBYN7983,5406.143421041573
310,2TA9WH1JHW445,7702.2737120520815
311,290S0X2VQYCFY,9999.10421303473
312,18XFV4VRS95RV,10990.50462070201
313,4210HXX6SRB2N,7814.3249884997895
314,21XXVWP0BYA8Y,10401.754236151566
315,696ZXXPH70KZG,12645.712499688056
316,47VZHA3SCBCK3,8703.414811118717
317,6NQA1KHHFQZF6,7303.964893957612
318,3MZPMD694P2ZK,6378.831599702528
319,RNXBW2J2SJQC,3953.2389340232544
320,7R5WDGWYWR844,558.5153449365527
321,47KS2ENDSSK9,7577.305764449905
322,4EB0BAAZ7BB05,6216.342734866321
323,2K4VMD03WM058,7114.434645029208
324,5RSZN6MRR4FA8,4025.2921467534893
325,36Z05ZC74AWWA,5676.014348306932
326,2T3CRE4MNVJX0,4909.785759921102
327,1FA7EH3RGQRH4,6548.348425334459
328,7002JM3CHGG91,4385.369305245706
329,5H9DFWRXHF87N,6723.916380412005
330,74V96BXHGYV9T,-172.02731648569852
331,796GX13AB1NCK,5353.584742880999
332,745JW2TPMRAH9,5285.378585499222
333,1VSXJTE9JB0T1,6476.111307054319
334,28JXA8X8TR70B,5756.828563135089
335,2F17JE709NCD7,8877.26387828572
336,69AENSVRTZEZV,5793.817350585947
337,737CJCB2HJA0C,8624.38369968121
338,7TNY027DJ1YSF,7221.212567476178
339,8VV304R6ZP87,7665.741664122304
340,2F71Y51MQQ695,10874.71280476762
341,4T6M63BMMTQ32,14067.946323300901
342,KWC37FJW2PZ5,8776.910722908486
343,49EYCHSAXD0HS,7230.747589539419
344,4VDZM9E8782Z6,4420.512943453429
345,1CQ293D7XZ7AH,7582.534157822433
346,3S2HSJ20F2AC3,9969.044422964485
347,2R5FAJ778NK0W,10739.98236335686
348,3ZKC4422PNS7V,6293.40702355102
349,70JSDDNZRQYNB,7519.401040716625
350,5AZGWYB2G72VE,386.72084020912155
351,4Z546V3TXCXG1,10369.145082898467
352,6CH0T9AB1HHBR,5476.370463003612
353,1PGVTQ98SMN6Z,-253.11092857077483
354,RXVK4EZ6SN18,10318.474674239245
355,76JW6RDG4D3CM,3453.3202556868173
356,4EHJK2SC5CNSD,6938.496033428158
357,4HWX4MC63Y31P,6465.5964159275545
358,4EQDF2REP1SXV,6143.76888283599
359,7Y9VYYKMQ831B,8734.61568504628
360,86PCQ3XZTXHC,317.6302388801215
361,53JE2VWZM5EGM,4078.651519521318
362,4H103HX41017Y,6340.507904381046
363,54GGQE5TH8W0Q,7241.144154550984
364,3D1YZHMQCKX0F,1531.3796648392024
365,2S41GNY9Z7KG7,9625.69204876023
366,3R219K9AQYJE9,5242.377462005965
367,2FGWRBZCDMQ66,7619.281662003713
368,B1B8ZYGN3E1Q,6428.657719392539
369,41HHN4RF9AEA,7603.537486797322
370,7A1CY19BYBR7,11412.570438454113
371,YQK5TPFEW8NY,9402.310210170854
372,4TCYM3Z5SA934,6478.84130173378
373,TK6CASY29ZCV,10326.766903143372
374,PP8QP45V7712,9330.280600733144
375,6Y259N43737B0,7780.8586148846425
376,5AN7J8MEWT8BR,10491.893076557077
377,V16078KPH3M7,9453.553682833795
378,76Y4QY1PQBES2,8482.224548640992
379,7XXGKZXSZ6QT5,6665.361296178115
380,65J6DBF26SVWA,5515.864009848997
381,12GED8FBNFNX,4013.5887275912874
382,463DDG1NA3Z5H,9940.677104038718
383,648BV9BT9PRH8,7528.026756772843
384,1E8RKWZN7B5YN,6227.373462827488
385,63PM0VVEMJ6HP,6155.228762220666
386,4PP68NP55YPA5,4282.533989244652
387,1SNNHE39RGDJW,7458.833087300739
388,2RCBGTRQE2T2X,9880.50405297313
389,5V6W5B0X1RK75,4644.211383457067
390,79ZMCS986KNHQ,4850.479058956557
391,1ZXC1F5RFNKBJ,6983.2576029291795
392,28D1J0PTFMC64,4561.156753742709
393,1FVW3FNT2VRHY,8695.118757852793
394,2FESK40FYEYCK,9607.901484323098
395,QHQAHBDTRG9D,5732.635415887006
396,1Q501TZ83NBQ7,5889.111139298382
397,4MVA9RKPEPY5P,6915.9995290100505
398,17HVBVQN7K4MZ,7776.444632674358
399,2Y214AY8RST0W,6631.253707265904
400,5GQQ043EGDM07,8560.62396677271
401,47NJAW1JQTRJD,2682.9700964113135
402,5REXZHWSVT1S0,6192.923634769625
403,346W5ET7X73WQ,5455.0464891555885
404,7V0867S3HMC80,8858.765309864093
405,21W0H74WCFQG9,9579.197799148169
406,7ND04Y1GC99T5,4594.783215682435
407,JG9P2WRWZ7J8,8988.382748220347
408,45ES2V2CWTT7Q,1123.7395711019203
409,6YRASM442YBJW,9025.746579834773
410,2RWZFX91KWZMC,647.6726556185081
411,948E7JFZPE4Q,4770.929239259343
412,7JBQ69QXSXCS6,7167.135211088483
413,70DNGYF9C68G4,1671.815440038993
414,5TMRVPPHA5SV3,7122.7547182338485
415,1S14TZFJJ2GWZ,4470.172933614058
416,637QRFSSWYSB1,9000.536420456097
417,17NZYHSEN5DZH,6840.574195950971
418,7W048KXPVQN5F,6525.472036695049
419,6FM3DTTJNHR21,6474.830144232803
420,46TGGGQ038D9T,7674.801911814593
421,6XA6WNFG6FY0S,6998.946387820045
422,1D89YRMFAH2JX,9469.503590970322
423,5TF0T9GKY0M0G,8622.40490663205
424,69QMQP9JD8SJX,10467.603062246199
425,6PF9V5TSHGB6D,6888.238934696165
426,5Z3B1RJV5BYQT,6260.814932368139
427,6T05YPGT9WGFM,3538.686832458465
428,5RW0QMYC0VQJ5,8641.689077998872
429,49E7H0HJNRJAG,9816.304426526596
430,1VAF4B5T8VK00,4826.935576959933
431,4P855DJ9M3TE1,5362.438334817854
432,6WF02FZ761F02,2329.3765616130436
433,73X5AEAZHTS6V,8502.670872893523
434,4E15DTMY3VT56,5334.47833367099
435,2SD7NC02X9CQG,10813.758567911675
436,163ZQNKK8PWNV,4961.053725501968
437,3HBDQHMRBPSTA,7559.019139568484
438,CY50ZRVQKQ1A,4737.564965740661
439,9MRYX7TKEB2,6330.6579712744915
440,31PWNN0XXH1H8,5610.903053485413
441,44V06MEYM8JD,8201.774595574761
442,5YJBMTBAN1GWN,10879.43715332801
443,2E7KN2N5QXP4M,9358.27469418538
444,1GZG4ZCWGM5Y,5926.086825423757
445,7BAHXGVBAWP6T,2652.0914485971716
446,6P73XDNNJFW85,5912.1554755213165
447,3N0RX932KPNT7,5550.891439537237
448,5X0D9C9AKGYF0,6975.658503458098
449,6Z3PFZHT1YTQE,4427.6867119587405
450,3EE22204VBWDE,8759.164202641303
451,12KZ4H4EVYZJK,12617.405904356103
452,61BJRX0R1AJWC,9674.461311394694
453,1HNJ6S220YDA7,8033.033359985796
454,2WHSE4AT0XQR4,7822.993978799902
455,7BB8YBQF8J90R,7950.675926266741
456,64H95W31DJ9J4,6261.793349673477
457,2G1DVK2RKR5XX,5955.341806530667
458,27V4F4MQ20BQW,7827.653082007105
459,3QWS9DA98NK66,8546.182922724145
460,36XXS9HR9J9GZ,7803.635596696551
461,6HD5V44S14MKM,6209.368858518668
462,78R0VYRDX1Z64,6197.487197151478
463,2482M4K97H4R3,10200.504730088243
464,7T26CNPNS3B6V,6369.719882331289
465,5QWQVR6E9184V,7277.391090040806
466,48EWJT7JRDJMS,12191.651028005595
467,5Z7WH7ZJ6VTXQ,7717.760870141084
468,543K6A2875C37,8829.535944540065
469,4CZ37W9HMKQ6C,2331.033127801776
470,5YC0XJPVCFYP4,3712.881742820267
471,6T6GCG7W9GM7W,8730.463411030032
472,BATGGZAWPVQA,1174.6251692163614
473,3GS0X8TF37MGA,8187.1031236994595
474,145PKJ7715X8N,7278.684620854366
475,GZR3R29N3K7R,8631.288519048565
476,79KGKWYQ1JV9H,8222.179572048959
477,66RBQ4F3N3HZQ,5098.823192487989
478,1RRVFTXAAGTPV,9961.475517182032
479,1VYSP3PAWJAM3,2445.701518903413
480,39TRJSCJ1MNCY,7540.942786652568
481,7Q726EWH6EAJ7,9313.043639591462
482,7EN10ZAAVC4Q,1958.8586737077767
483,5JSABF5AYNK55,5909.759747195262
484,60YA5NWSWNS1V,5234.633293180619
485,4XNQ1JXHB41VT,6168.367239876476
486,6DCXDF8CZYJPN,6612.89190925082
487,4ENCKN3TWTZ9M,9274.639707019953
488,1FS2TSCP7T4J4,9459.699556408737
489,JTN530RT0DK7,8076.809289832352
490,3P4XDAN0FABH3,10609.652361858196
491,2JDTT19GY0JNS,6110.504449035327
492,Z2MJHR2HZWPC,6061.972652727943
493,1JQZ4KMAE3JEG,9095.329471865425
494,2F8N7FSNZP3D5,4291.958829686508
495,6BYMXED93QZ3X,5339.575591845409
496,1SN007FBV5GPZ,9354.332988591763
497,78E875EF3JE40,5684.146422011809
498,39V9NH07B149B,11338.973444551477
499,1PC0APXMP3HMT,8948.659583333414
500,3W9VEMCPKTDH9,6969.748199254693
501,32GN2VKE96Y18,7586.11841042165
502,4K45ARDYG4N4S,368.7405814743157
503,45YXDWKWAP83K,11684.1752556717
504,3F1THJR16PRP8,9903.339587199993
505,3ZX39R8MB4FRR,-321.6893730071679
506,7D5QBTTNCZ87W,7011.294951350644
507,2V2WHTVSTDV76,9762.006046814051
508,52RMSKHA3PH9Q,10649.408406463397
509,AJCP23DQN6RK,9956.970384107073
510,3QBAZ4QSEGP15,8867.757990136208
511,5BCXGPNT88T68,6018.3162788650825
512,394XZHFG3SW1Q,10511.13812678813
513,7JEQMMYWSSGH0,8450.993809181506
514,5V22Q4YZ7JKRK,4221.238844677553
515,141K4SHZ12ANF,670.4261647544622
516,5E2K5Z6FYBPFQ,4975.392587294398
517,7K5M8CXQFJ776,3879.6052840033535
518,59W7NW3TXJD8M,2030.7980799191305
519,53DW4176VSS0R,3874.933413339375
520,6R366GEV05K09,4603.709615565485
521,6Q1S7TEJMVYRE,8458.045437834935
522,78JBBR5W1NVFQ,11875.3102985275
523,6KTX1QTEJ0675,5680.423903650865
524,EWH236ZKEME5,6060.887373615792
525,2007W2D2KRKTA,6770.919752566029
526,7DN6ZHKFFG362,8099.560978791448
527,7PTWY1N0JWNAF,15120.110717788531
528,5TBH86KVDDGPB,5125.293989859033
529,17QYX5W21EEZ6,1487.950815700455
530,76ZFVED1SNBVY,8916.896299722725
531,4D3AECW1BAK6E,60.236696377500266
532,6R6J6FNCV45KD,11676.117304919131
533,1DKJHJ19XV0Q6,7182.233806089724
534,4S50TPQEACTK0,18141.904278139158
535,427S9RNWDF49E,3527.485289021655
536,1EF6K81KTBRNA,10253.307888696363
537,605F9S41B0BB0,7728.694741613496
538,1GNYD108RTXZS,5139.152219532574
539,2ECP8S80APM5C,3729.818639597232
540,66FNTFNH5E7NH,8729.007858446643
541,3CSMJWQX867WH,5796.195486428053
542,3FFKAKV6DX4M7,11188.914271267302
543,6SWNQPEH6FB1B,9946.621540141878
544,558QX042M17B,4345.527521091499
545,2KXZ1MWD5BJE,8796.660365948648
546,PES8GX8PJ92,2450.7009633827292
547,1AY5BDHNSHM1H,2014.5189415120938
548,7QJ4GA203P2RD,6892.475545387657
549,1MVV1X5H11F4S,7425.101592414249
550,4XBQV4JBCQAG0,13073.156780826084
551,4ZTPZBFYGKDY4,7136.187410919768
552,49MH2DE7HB4G5,10073.415697875702
553,BKMVPPE544AM,4046.057384046482
554,1EBNRN8AH984G,4739.548078071834
555,4BT3K1ANDN8SH,3959.289778207393
556,66WMY6EBCKMK2,1332.5681215755358
557,6NT5M8KQ6RXC2,8510.30691502973
558,7VD2JY4GFP5XA,3258.1036563098232
559,20ES3S8JFSP3Q,12361.547768679226
560,38ZP5YB575AJZ,8100.002901898425
561,5E4ANHR2TVX17,7912.170904101568
562,117A9TNW4K34E,8789.490653180772
563,759TEC6CHEJQT,11642.854693558224
564,WDS50FKMM95,10201.720662104977
565,3W51MFC2WJE4F,12606.49634718367
566,1F14B7NFMNMXK,9689.690926996394
567,42R6WEPJBC1WC,3051.0814488706533
568,419XG0T4GES29,11730.242592709204
569,1V5GSTFQCNYE0,8205.76677986066
570,7VVSSCAMAX538,7238.951283860229
571,7ZJA52JMP8FH6,2448.5461042775387
572,2QEZMB91RGTAY,4346.034219123059
573,7PP16MFRZPF6Y,12075.786837195345
574,1KAFJK1E2YZVQ,8953.172884751697
575,77SP4R1BANY83,7444.181854879647
576,3TCHFJ38TS0ZV,5134.269516720155
577,7ZGC63JHSXE0V,-582.161518007334
578,6G0E8W9X7G3TV,8089.566970418865
579,3AZ3SW99Q756Q,8996.727135416324
580,7QSJ39S525448,1573.2951295278565
581,6WWZSS952KC5J,2868.2049571535326
582,6F7VRYKFM51W1,8648.21857769998
583,6Y8XX5M8F2FKF,11563.648308697895
584,145051E3QXGJJ,5748.775379703395
585,DSZD7H4FXA3E,3023.598179465388
586,4VS53X363AAG2,-1787.2382433455796
587,56EAM5SXAMEAF,6537.059707151769
588,3B1JPGWBWAERE,7705.567270536271
589,B35WB7H4FZZC,11000.28057885556
590,6WJ2357XZV5K0,4743.568958024358
591,5N6FSKTWN3BSF,12218.346292543218
592,66BC2MXFBSNQZ,10895.58896149179
593,2356480K18EW0,4098.314192266502
594,4DJ4QR1J777XS,6796.962763797472
595,7BNC28FV38GB1,-637.0982809443785
596,5SBRC4GRG4ZZ0,-196.9775099239896
597,3WH85WRPZVHH6,9272.290525952983
598,5HSFSEMQ2747K,7949.670182673849
599,6RNZH77SQ4PHB,6866.445225904057
600,7DMZG1B3GHGB6,10421.125796840053
601,3FKSND7XNQ1FB,7098.618871273948
602,XNAHW7C0E87K,7538.176492706337
603,3RGFJ6BRJ69SG,3836.1697415457566
604,SRHNHGFKH59V,5418.367615641549
605,1MD1WZQR3WCJ4,7344.811787478889
606,Z8S5SSCJP1CD,6115.398190998331
607,2XZPERXDJHA3H,1534.8944276771979
608,HYV9WZPVWRFC,15435.565559675142
609,2N1Q07C6A01JY,6437.665945385227
610,503XQ2S5WPYAG,6091.925216044093
611,7JAEX28NFF6Q5,7843.599193145947
612,32DQMJ21PGGEW,7635.830204840928
613,3MHGCPA0K1F0X,5447.724689306615
614,4R2ZQG0D1J73F,7891.810573412947
615,2HTGWQVT6MRX8,5239.74040504599
616,3SZH6TYXC00C0,4878.194308225189
617,2EAVR97ZAAZ9S,8149.284409041001
618,1D1EF4M5JVRDB,7281.824828545369
619,255CDQBNC0CAA,9219.206270999242
620,2BSQXNDD1TRPK,9633.803943749714
621,EB8JV20PEGAM,10522.194401692017
622,1K20G0NG23TWZ,10597.797338109642
623,39W04WGHD5WWJ,6686.814840409023
624,57MPQNMS84DMY,9510.813600920144
625,111W6XTR69MS9,5420.79412739678
626,6BKWAM24MDZVK,2124.2351400019456
627,2DRGNFTSNYMWP,624.8277408672834
628,4QZ0XAXY4ZRF6,7106.669543134724
629,75HNP51DX120S,1462.3432160206182
630,6GC938171F717,3806.640230305097
631,1M9QFCHNHX3YH,2539.0171620117953
632,6SNJ93ER657BZ,9392.82103263955
633,5CBBP1KTFF07C,2398.9611680451694
634,6F22QBHZ7HBW0,10282.335488736451
635,6V50Z5GWA500E,2964.6729449281606
636,7EYHMWEEMYN8V,9952.387372507485
637,2D8NMXTH0ERJ,1775.1454605248716
638,J0V1MA0C5BHS,8341.248378370474
639,2PDSSVGK39V6J,6211.687418550554
640,5DMXNEHC9G1CQ,5904.691036338802
641,KTE30PN28P23,7225.528438167977
642,369SKSP1WARFV,13032.564933264614
643,26RAJ89XF8AXQ,10027.907735537268
644,4SXDWDZZKJ80K,10186.2121444341
645,30BGJ6QHVV2X2,6934.557732598486
646,FM83D1A0FQTY,4523.813774139555
647,1BN42NKPFKHG7,9921.182878437681
648,5EXDF4KT6734Y,3552.535156299583
649,6W09FEXJ97VPF,4530.750416927536
650,YCDK7JSKNJGS,6207.477787676569
651,6GXXZN9Q3EWZM,11836.832968019073
652,5W56ZNFJVZT42,3760.8907702628026
653,6ZNCBQY44Z4RM,7027.830319018715
654,2HYMTX8KNS8JS,11924.689406837577
655,4KQJ45TD336ES,10749.44102242609
656,4DBR2S9Z0XXE4,6436.247505443977
657,X7EPE8YYGY21,10302.209856106052
658,3M8WP8XEESYZY,8276.744096331939
659,2GF7MFMRB8DXH,8508.299756778539
660,4SFXHSXX9Y989,4713.989569908612
661,336A03XQ8M7WZ,7234.015921877289
662,73DZK20BB16H8,10198.64894536012
663,10D7EBKXEV1RV,3078.3593144877245
664,B5MNM54AMZ7R,7532.082222304379
665,4E1SW5K0364VA,2307.547263641922
666,6RP7N397F9ZSJ,9339.822462951026
667,1V64X9EPQASY5,7041.884977105375
668,753YHDG33V10J,7185.2820155728505
669,65AE7D7DX6BDZ,7986.00007397193
670,7XHV7HQ1C1883,8742.306210499355
671,329T318EJAEYB,6277.738474870741
672,2DEAPF7SR2A86,2483.3050627691346
673,46YAAADNZCPCQ,8775.965257899323
674,7ZM4E41GFT855,7795.376298236963
675,4JYJQ889KNJWC,12322.49154228493
676,31SFENQKS4GG7,3949.413925259246
677,3WNQAZ4EC1TF5,2497.3383387244708
678,4R37MG1ENGPDN,10423.65462090617
679,1ZDT06X5SAX8V,7030.127778279693
680,115TVM0W2TVY4,5802.0765814551405
681,6HC6YHHJXHQHF,7342.361637019402
682,6289ND8F999GX,6458.50962229786
683,7ET0KWXJGTVNT,3297.302841652119
684,3MKDAA6G75Q8B,6663.531377219569
685,6TMF71VMW10VD,4673.288495466721
686,6GR08FQ41RPW8,5349.80608161075
687,6K5QB2A4NPZMR,4859.060765611938
688,3GP9371KX69DX,9841.275724324718
689,4SE12JKRM3N12,14739.745116539314
690,DKGG1ZV9M61D,6706.148207193766
691,1HGANBPY3DR1N,5754.845483993671
692,7W35FYQ74DNHJ,6979.957271752029
693,7CAVK3JF7YXYG,10684.927170220293
694,2F4TTGHB76BQN,10651.509974854896
695,50GF8N4FEZWBF,11938.156817456445
696,38FDKN4D77DKJ,4327.057962726008
697,A1JHRK6Q987B,5186.471679554119
698,5B4BZDFDGB69Y,2606.9968262246016
699,1K0Y7REZSM0QM,9245.242625332494
700,6NX4S1TAPBF5R,8101.594633391564
701,5A341V2PXG411,11282.046957162951
702,4PRNKMZ71JJY2,5095.790599254187
703,3JTHAWKKFY107,2593.0967588937256
704,73SE666Q5M65H,3136.3252593770185
705,2N6C7BCGADFVN,8815.373359597012
706,7BGFKCZBVXDH4,9720.729105781073
707,5V67EQM1MKBS5,7469.800697498368
708,64KXFCNFZHM1N,2703.6522595026936
709,7SBAKMZNCR6M3,840.7877208459347
710,5TQ8VB68DTG9W,8558.027046863985
711,3SXAHY4RCEXRZ,6919.859979957361
712,6VMFTHGWZZHJ2,4425.86552365856
713,7R8P9CNN366PX,6571.238984907703
714,7HQSQCFSPVNM0,9181.786267712265
715,MERBQRFE7A22,9174.81281148272
716,CDCM35RRKFN2,8534.96124143393
717,2KJ22JQ6WWPGP,8984.90217411095
718,3Y49H18NA8P0F,5338.976942488058
719,4BPSXT3F7RFN0,9230.166317145791
720,1XT85V7NCY6DT,10379.565153852483
721,74793EG13AAKP,5915.950105343243
722,78H72X213BWQN,1491.8111820109293
723,5Z9MWZB9S6WNR,4917.576621824246
724,6ER2N8EHBDXYV,10590.676961423258
725,1EXVN2WS7PF61,6751.6281698960875
726,3BDVJ6DZ9QA2Y,8279.58146580472
727,3VQZ4C72B9SYP,4127.1048667906525
728,4HAK99D1YSP5W,7230.651283684912
729,3WV53QEW9H5MP,10113.04378544476
730,7S9FA4MF86DC4,4555.661508373272
731,1TEHHCJM2YY3Q,-3160.4287569948065
732,7KXM9ZCT04N6J,7145.839960820632
733,3JBW2DD4DGQD7,5661.297463936701
734,1AGD8VYBC2Q9E,6919.025636905519
735,321B0Z2EYRNJ5,10847.221173905084
736,2QYZQM69P1MJ8,5698.535273165242
737,34EKSNKCTR68X,11565.599995124787
738,4PWY83WXVFBSX,6588.8707149566635
739,3R5C9JZ2337BS,7072.103858373228
740,6ACGVZK2536BY,8978.392342325016
741,A16ZEJBV299E,9512.975535919773
742,49ESEBDX3G2D2,4056.3328858907807
743,75MSQXB3R0R00,6812.8749741766005
744,1JAFJF16VKY6S,6582.342162176297
745,2SV43T49XR5GN,10889.110858179174
746,3THH1XS6CC2EY,2881.5843325572278
747,3ECXQ0SHBE0XK,12657.518946120803
748,6VXBKR0ZASMHR,5678.843288260331
749,6190XWF83JYDY,5843.858449698383
750,RVDFAGV6P1ZZ,8945.693244369359
751,7QWC9VJJF98ZE,4990.8463200637025
752,240HMNT6Z50X1,5967.190356397177
753,6HKQGNBK7791P,278.5365063810574
754,D3B02S88VC7C,10094.351533641962
755,6TNPQB016HSS6,9326.895800651566
756,3AH87FT7WH0HP,-1005.0636877170491
757,7H3PDGB5HNKPX,10317.785002260625
758,79551YVHD3RG2,5968.4589454838615
759,2T7N16V28MTFF,6367.63725643318
760,7QV1E2FBVZRSJ,5780.910156139509
761,1PET89EVRN73N,12988.212978044525
762,1P7ZX7GDX1NHS,5626.518825060427
763,691BZC5VEA9K9,9570.615806155663
764,7KYMCMTAZTYFX,6164.893901278329
765,47X510VZRW9H9,3978.6866184075507
766,6BVXWC0SRFED3,7921.64250335338
767,323J82YZXM3C1,8868.438029027751
768,QARB5HDGX7T8,2947.480383471386
769,5V1M0ZQQQDCTZ,4495.636131132552
770,4C2YS6P2P7PG2,2894.081477268203
771,4JS6PV0HHA21N,4772.510290271512
772,6NH6H743EHA33,6358.4833277563
773,H644GKGH2FWX,8345.896970990518
774,79KCVJ2TK07BX,7029.123543594509
775,7VZCY5YQ5SKDP,8615.700427785298
776,5154NYJ69VP72,5608.648364615576
777,20TWK2GBHJVP6,5430.1327044252785
778,5NB9BSWQCSRET,4977.052201415834
779,6P0WC18T8GNBB,4999.283157160049
780,7HYWWCGHFJTHG,2600.0422159736463
781,6N9B5WK1T50X7,6727.879349429538
782,67CHY3C0X05P9,7721.210437588334
783,6XMHMWX5M3BGQ,6336.783139647209
784,1BRNQG22ZHF4F,9483.508351848057
785,5B30YZJVH8K0C,9575.682137210792
786,5F7K52Q90XSAK,4365.899854247107
787,VE1SWA3AQGEX,9483.960379096283
788,6XY5X7JWMRN91,8375.288537537164
789,28E4048DMCPNW,6989.782680270221
790,2VYDR6JKY8WSB,4313.58076990928
791,6XRDJ4VKJ7QM6,8077.837117278851
792,HA3DAKPJJJP9,11235.280297422218
793,7K71VHAN065H9,-1944.7446451085725
794,4TVSD8PVJHX5X,9265.442429804698
795,1TQMWF98AB4TA,6145.791331941146
796,1V2ZYD7ECPY1F,12082.659320868854
797,7WBN88YBE3NWD,9912.567265448655
798,5R39QJW5GGH3B,-1015.7375984038617
799,1399QDKWHH0JP,8863.70690725062
800,7K5QTBBHXPQQ4,4294.406629046887
801,5CJVZT16S6XNT,6220.877068900207
802,41D5M11B5S91Q,3914.0933744854924
803,5DGDFGDWVBHCB,5195.0882016038995
804,6T3RH2EH7ZNJ6,5328.991524613351
805,5QJGZZJE4C7ND,6548.094647217192
806,3ZJK7GY4FP8WG,9927.013633493654
807,9CCFNPS75R5R,4720.05877449034
808,VHDT2Z7ACP65,841.7474476194651
809,3T2Q7MX61G8MX,2839.6521963582636
810,2R9WJCZ5XWN5Z,1804.7540488215268
811,42GA6JY0ECWYX,8048.643494661292
812,25WFFNX82VBNK,5583.116084634034
813,NQTM4VZ39X5F,5673.56686913889
814,1MF0ZKJHMFX3W,10012.301532885096
815,3TRPHMR7XCMEM,8674.5345534095
816,4JW2GPV1XG444,2690.3887516408436
817,37ZNVEFVWW8SD,5587.510300831249
818,GN5WHVYNKYJF,6035.338438307207
819,15DVNMZG3Z3Z9,7577.890963673574
820,5Y4V2M23GN9TX,7210.629163520694
821,3H89GRCYQKT28,5375.664390346243
822,73FGRTC4BHNAQ,9904.590138980231
823,20WFMS4VAJV0H,9512.753477558887
824,7VEZ84SBXBHYM,4569.238802077505
825,23VN5G20SQF3,9014.41100371231
826,3YRJX71RZM0JJ,7462.421884218525
827,1XSE8Y7RRZRZE,10963.327277936274
828,5PTMS9782ZW4V,7689.691869347485
829,29E5N2EJK6BZB,10835.161899277336
830,3N3CZT5GC73SY,9654.196221111757
831,7TB2QRTQ9YCDC,5409.110050566388
832,2BFV70B0SW0AG,7829.388143242955
833,634PWWNDGYHZT,12245.710777972814
834,1J68R9XWEKD6T,1367.4387229802346
835,7GKNX1MNVK410,6207.567099502744
836,2RBRZ6D1TDRPN,6590.17301081557
837,2D0XXKKXV7E8V,1805.542707790591
838,3151ZRBGPSGPM,7157.502564322906
839,2JVJH6VXY5D02,5128.817418731808
840,4BG9ASGW1BBGJ,2348.886874214655
841,6SF226STJX9MZ,6137.6786022916085
842,SZM90TDX4MV2,9411.53782851352
843,3XF427QWG8KE2,7214.855733026443
844,53A387VEADSQW,8588.79808638967
845,5TP8XVV0SFZR8,16330.636647336189
846,15YQX872058GQ,12864.168468112555
847,3MGY50DJ0BXD2,10254.935865356147
848,34GZY558T3GAT,9140.512105192349
849,1X9EV3Q3BX831,8759.285699706168
850,1422C2KHVA4B6,7106.640484573664
851,2R7YWE97QZZVE,1860.3098237951187
852,5WP3QPV35QWDR,3718.2024787873156
853,7SP0T7VQ39P27,-60.91821928645709
854,4MGAP6RE9F1PT,11684.55008613631
855,1N5N0T3J7AQP6,9890.521322059612
856,3FJ8MRHE4S90,7892.610614965955
857,62P7PFJMRWK71,-3101.77829984469
858,48EZG0W6Z7SWK,5852.973972219101
859,7R3EBZBE9AQXD,8493.116281422681
860,52CRXGKFR64HK,8421.06451547148
861,1DVNX37X4PPEP,14197.567123096887
862,1Q69Y2CD09N40,7823.649291935029
863,MZSDMFBSHY9P,5910.602029917764
864,6VYT1437XXJ5Q,6085.173598062068
865,2KWZAYDDTYCEN,5810.512473743224
866,40NYYDTTKWJZ,7968.950853794419
867,65M5FDTFX7P3B,5291.04225823782
868,1DBFNWSZ63FJR,5787.006711354681
869,4K8193Y1TBCQF,10083.551412454755
870,3P9P404WGYE3S,6415.957212730492
871,12DBBDV6E42R,5893.843733493009
872,6Q2C9XBNMZYJG,1124.7434455876
873,4NH9EF6Z9J3Q1,11111.944126120194
874,5WBQP9TYPYMK,2780.848936069274
875,6WMMN6SYDH78,5975.591912407039
876,BCS5CF0HPSC6,7173.231308062024
877,8KZXYFRAJFS4,13544.899404207648
878,2X0N6FAWXKSTD,1495.021937652235
879,69ZVS9KAZF5HX,5231.366022949096
880,6BZAZRH9Q7TDF,10961.614936101276
881,3SX1MKJZC8GZB,8996.349645086186
882,7Y5NYY6YVFS5P,6123.459932741115
883,7FEHYRVCFGV0D,5930.680914027845
884,5JTNSC74S5D70,9507.026554105374
885,53NJ9WF0VC4HW,9914.893919602368
886,17CM5TSP40HVJ,7549.505470598019
887,29SK3HBTPBH09,9038.66588693245
888,9JJH6WJ1FYBC,5532.45116108648
889,69M6WQ9BX00M1,4527.015610038969
890,1MTBZCZZQM76V,9151.435158153467
891,618D4YWV6P9K5,12000.477834232002
892,5ACKNEK1GXSRS,8650.706227501158
893,1Z02GCNZ27GE0,7907.479063386031
894,7KKKRBM1PFZRC,7085.899480828245
895,6RD2R26FQWZNX,3933.102271197638
896,2RNYXDF1HD5G4,7657.701774516463
897,5WM6QXP8XN1SC,1547.660451875605
898,A9MQP0PR6B1R,6189.9414971624265
899,7G0CXFG5BV91G,7941.05628134469
900,29NP60N1900VM,10996.663272326627
901,73XJMR57680ZZ,6322.554736247116
902,SQAAB45M4YYT,5684.920256909017
903,4JMV1T3RW98VK,9582.727487641445
904,2HSKY9WNQYTM9,7661.695856559651
905,6Y6J40CMWR1P3,6963.5842598902955
906,1D1QZW5V33BWA,3839.960638542493
907,45RC6ZKV3XHS9,4535.239051109942
908,6K4AM91AWBGRD,5176.472673303866
909,5E07DS7PEVQEX,8893.616313947012
910,7PBY43HXGVXFR,883.6062542252821
911,3KPXGSSEP4CST,3964.6582156768095
912,2A2VZQPK7RXEM,8593.560866172438
913,4PVXFHS8D91PY,6062.0286956227255
914,114A788NQ2S9,5926.105226178273
915,20RMM8T5Q8R47,9584.993973685534
916,7ZSFC74XNMXKF,6958.453400074969
917,34AY0TMX1RR01,4024.5950594404853
918,1R995JMG5TBYJ,6687.40353373187
919,7R5KY69CC7P5X,2091.4904261653824
920,6QCHCS7SYXBZJ,10023.392024934052
921,2KPTN2DKM763X,2817.9401542920473
922,1XRE5HDQFAJNN,4090.5768886792707
923,3ENMTCGXC6HEV,-2057.792110854599
924,VMWG8EX13KM3,12698.099903845567
925,1YSGQ6T6GG8RC,6612.83986546474
926,2324RQAV8133Q,4573.866030214743
927,2TXHT7CYTJVSE,8878.898826648841
928,6FSR0MF1NXT0N,9691.49798905032
929,50JG392HK3HBW,7569.353866390994
930,DXA2QZ8D91P,10691.117838450435
931,3TWADSNMS01YV,6851.134693850524
932,3Y0ACQG2YK4R6,8464.219720788275
933,CH6B2WDPB37F,9243.860736721863
934,4ZXQX5YQ7J92P,10179.93273725381
935,3K9TYHR3MEHHJ,3195.6221935220747
936,6SSHREVGC0R9E,9451.47173050185
937,AVD87K02MMHA,10923.31385230564
938,718BM50JVR6TK,3808.3314088076722
939,7B60Y6NRC9RAG,7655.21334804336
940,5ARAJ3WBC7NEM,8008.611244219078
941,77KY978H45C7P,8522.013471902861
942,6JCH9X9EJDQ1V,6313.1145974157
943,5NQSFXQZABVEB,7746.196171422961
944,M0K29C9G488T,7765.579591768399
945,4NJK7DDKMDMQJ,7695.671878069398
946,18X1JFEARFN4Q,5942.717065800688
947,1DF049VPYPYJV,7143.283505025303
948,303QS51PYT859,6669.145586455444
949,71BAJNNMPK42G,6323.299199670977
950,11BTND97VNP3N,10714.352369552103
951,6K25V1TFHCCN3,9698.542995845797
952,795VBPMVP9TTX,1560.7538155493867
953,60YAQZ2G7MVGE,7037.184069332222
954,QQMJKNCE1AHF,2487.017248006285
955,6YC0YRVW3WQ3P,10811.546875196887
956,2VAAP53K4P1EW,9415.44933154395
957,30XDMD9EAGMMC,4936.88416693944
958,5BD733XQRHH3K,485.78938505767235
959,16F97Y3JMSN2G,7205.943191299946
960,7SKX26SSP3PNP,4451.939616253083
961,4E7P5RK77MN3C,5805.393801935239
962,7TTCFYVW90H3A,7861.957465723831
963,4FYM9SPAXM59R,10857.06622097512
964,3Q9B7B297YYE3,5163.012787360331
965,5X5FYA4JY83Z2,10009.018374538497
966,T45RDR7Y7SN6,8282.94138580621
967,21GYD6FA7KCJY,6514.602472228124
968,3NBEY2GFT9P3H,9333.666084563232
969,2PF1WTM6J6KT,10729.303429699303
970,66DDRX1RBAHCT,3140.7761438740035
971,2GSGMBND2KMT9,9365.70146728912
972,7FXQPWDMDF30,6011.3614408337025
973,7AN0JMS20W4H5,4638.436334705993
974,5T3J1BHY40JS2,11574.063106537862
975,5XND2XNHAAYJK,4925.9145872688305
976,3GWCSTFMWKPTW,9377.89555684342
977,3J87PWESMVNNV,4791.230363126857
978,BH25918YZWC7,7181.589255604249
979,2PFKSVJM8QSSA,13310.029181437814
980,303V4X75KSK3X,8678.666672955549
981,7KGAN6D0W3P98,6054.828135714967
982,5K4GD2Z1GZKQF,4037.915511732097
983,55AQ9C8RT0GZE,6985.7647441224
984,55TYBTHQ2388Q,11351.880368335937
985,6EAJ8GAKMD6K3,7578.85170752081
986,7TB3DVFPNV349,7493.087236536091
987,2NDEZ8G07YK33,9251.325624205598
988,FKE3CYD23D00,7260.634826632008
989,3P3T2JHFANEXE,8648.64926343441
990,2XRJ6V7J5192T,12381.485552934057
991,5WAPDB4D3X0AJ,13621.437094572131
992,2FKNCDW7YPHBJ,7470.24308716419
993,54K3B74YC2JDR,11094.499311544518
994,4MVH6J1F1N4XA,5358.28354537821
995,1625EGBMQQ821,6457.418001182412
996,42DJ9CHPHASNJ,5915.047179523331
997,7707T35K810B4,7412.904839250082
998,28AR88H3B2EYA,9073.816479101664
999,760RFYMABS782,4070.51717841739
1000,2HY9Q8GMM2Z1Q,4989.100678813313
1001,4SQ5YBPVNMNTP,13528.288414120798
1002,8E74MQ701P8,9399.917495256848
1003,J18D0385TSJK,4063.4226883365136
1004,77ZQ3C7CXTNEG,8954.91167329589
1005,4YP59HAQ17PTJ,4002.3371561742297
1006,2WM6CX04ZK3KJ,7968.165885806006
1007,7KJZJC5QMCTFS,9742.40084489913
1008,7B9Q8TSC61MJY,8306.646420532355
1009,6Y270EYJEE256,-758.2347715791457
1010,79W3DB5KGFE3K,8542.21357314361
1011,3Q8XSTD3673CY,8797.979080346118
1012,GCZP99G2TKWH,3043.7621875188493
1013,6RZ9RW562F3AS,14424.368363266563
1014,630EYE9RZV3QG,3547.0936160047618
1015,1GXR7YWKRWS23,14844.967383808365
1016,6A7Z9F5QB9E8,5962.436637133872
1017,7CYAQCEJSFY5Q,5148.64669013092
1018,33GZ2971CQRQD,6465.624286638701
1019,355G8S2Q8S67J,7324.813614024467
1020,5Z6Z3F0AQRKWA,3701.3574795295494
1021,WB5C8JK1QXMK,9471.586487321169
1022,2851S5JHRM276,8412.180552458001
1023,2ADW904NR2ANT,3556.4643493613216
1024,2ZN87WZ97KN85,6293.21407687989
1025,3KRA4TTH76ZH0,312.48358440434686
1026,7GC4NVVH0GBX3,2296.2619695206495
1027,6SQNNK7XZPHNT,6563.241885621531
1028,2VEB8EM9FNFVY,3303.8471576249017
1029,2D7W75EBFT65X,7844.229721549124
1030,2NDN0PTY8G2PC,2273.245771179022
1031,1N5JN1ZQ9C6N6,6647.197509603833
1032,36AAD1W51Q2RG,-328.0413605330323
1033,2XARAHST13228,5751.664840666148
1034,4R21JVA7WD47Z,8107.922857999764
1035,62WE1ZVHTCZQB,8625.945289281892
1036,2G75S22C9RS9E,5021.978150806791
1037,QQT7SSBHZ2ST,7143.394666815789
1038,2VTMVN2WX5M6C,8506.223644733676
1039,1T5AMYFA03N1W,13048.916405655196
1040,6SPK34JMNMZVD,5571.071260728847
1041,1SZEEJ0KWAMRJ,-887.3095751986857
1042,C5NN7KCMDVJ2,10816.437179927696
1043,20XPHGSQ48DBT,5187.859463515617
1044,5R6N2ZPVP45XW,2202.5422658839593
1045,Y83M5F9E9R1J,4326.347477980174
1046,2Y7EFZ6QS3T8,6817.672156583877
1047,1CHWQTYYN7DXH,6968.862162478655
1048,4FHSCKJQST2Z6,11685.232887312028
1049,302EGP4ASAMY,9076.498020280995
1050,RGB5B2KXB933,6606.659239311705
1051,1GPHA3F6VD7AV,7428.15297431722
1052,7PZ14CPA4BJ4C,10560.414795539658
1053,6S9WK31PS7569,7362.449452183436
1054,7QFX8BHW7Q47K,7780.69396585053
1055,7V7ZWZ9S0MDHP,2542.2886145199614
1056,7JAY0C9KD9KSG,6074.9154317146285
1057,2KSZ67N0G72DW,7103.766465104079
1058,2GT5TJM6YW6Z3,5072.44942393973
1059,78H5WYN9K9ECQ,6350.229663506066
1060,7Q6FXBEVQ3ZAR,4750.9763576556015
1061,5X15Z4CNWKK0T,6731.352061005714
1062,2KVC8S6MGD09V,6220.603856947917
1063,4EEM1CYWMMNQY,6835.255284868753
1064,7X95X4Q0N7C75,5894.654876174117
1065,HJXPCSR248VQ,3749.1855206671707
1066,1EQX2RTP2KHVS,5053.1212983203
1067,21VK630T8ZTDD,11166.289549627101
1068,712XX4DHEPAEE,3990.7576275003007
1069,70VH1CAQ0C16W,5049.408910797477
1070,3MC3NPWNKV2KP,10139.619675779843
1071,565T7PN6MR7EG,8527.613665839988
1072,4M80G99CQ4V72,4309.890434238601
1073,64Y4DGHK4T60Z,7884.270296244852
1074,3S5V6P4KQ3GC7,3635.636560381607
1075,401M4C5QA618P,12257.118834271401
1076,45TNR0JF88Y5A,7020.236461858604
1077,60987MFTJ0A8,6275.365201053325
1078,4453DTEYHZBY8,7070.048841349769
1079,6CR13WHQC8KJV,2025.1389997649171
1080,6ZQF4YKJRQSJ6,10682.658763444404
1081,14NVXDKY0C7HZ,9640.444844364356
1082,KSVJKVB161TG,5055.829674929337
1083,4CRY1CXGH3D72,1674.1729652300553
1084,683YVKY6MT1PG,3223.1776883309135
1085,4T7GS6JZHPP9T,12271.443228981952
1086,1RCDVG98BACZK,7568.074229433726
1087,5J23KYDYCQ0AS,6011.814293817427
1088,4YJ7AVSS3XYX5,3355.597230550542
1089,5M92Z3AYV5YPK,7971.008019175865
1090,3E2TM4J25J3SX,8006.87741349883
1091,13SC82GX3YRQ5,9834.246951537807
1092,ER4BWKVV4FBD,-787.3315523586389
1093,5XD6K4D4GX456,11829.849346552848
1094,4N1NCG8GP7Q0D,2040.5115929631197
1095,4JNY99YYQHN4K,7761.208494964021
1096,6QX03YYZXFT1P,3172.798135771988
1097,4PVSB0K4EGAG,837.3470265638857
1098,1AVDAMZC2WSSR,14508.053069260674
1099,6N95CD3GPPCVD,10147.940049000248
1100,2B26J7J0Z1WQN,8309.916437763899
1101,5MZG4HNGX3QWV,16175.71608540542
1102,22JGHHSAVH8TY,4060.089520073005
1103,1DP7QAGZHD1MN,9641.509093346252
1104,MBMBYJ66P59M,415.3987319518618
1105,3TG8WTBDNBJV3,3302.780044202751
1106,5V8JSHS16MZSQ,8825.117862749772
1107,35SHP9DWKDBJE,11738.999845638671
1108,4ANAFB62RV45T,8710.646307677363
1109,7B26FNYQS4GPQ,11709.935843105348
1110,PYVJDYCJ86NH,6225.673905443029
1111,4Q47ERQ064DM,4930.271303206624
1112,64VEBEQN4YQCS,8580.403365277849
1113,6CRCCRSB0ZEQ9,10204.191423990593
1114,3668423AQ24P6,3941.531019234055
1115,V6ZCE5Z5DHTY,5635.353006196721
1116,3GG6THHRYBWR3,6454.87470535919
1117,47CQ253DKMTTJ,10243.531034988897
1118,6Q8JR6KSM05XV,6557.884921137323
1119,YTVRB51X0CAE,5126.731892209633
1120,2PMHK61E900JP,9719.674993501187
1121,16JS1AQNB0FEM,9054.051737164258
1122,295H4CJ6V3BXX,10414.185908087275
1123,4PDAYR6ET9W4Q,218.8508618981757
1124,7CR4QP4B89J3W,4223.218474252633
1125,449FHPDFF903J,5930.642033581306
1126,3AV8JP9AGS3C,9062.501783429965
1127,69G0TZWQBRA7N,5404.107852687575
1128,66D0662JYM1HW,8736.54918707505
1129,10Q9MDST747Q9,10685.010747441931
1130,2WG21F68ZH9KZ,4392.900665059653
1131,XFZQP0F2AJ23,11587.162642482326
1132,3024GD23201F8,10982.098822040163
1133,7MF5K9THFM2BA,2843.321274148442
1134,73AVC97GXHCMD,-440.199074520227
1135,6VQ96SV3NGF00,9144.815478775665
1136,25H3P7PEF695,9732.305102960869
1137,1RP2S9VY3Z11R,14523.900353081863
1138,2V6ZZSMGG5A0N,7533.25492879516
1139,1KTPC8M0A28A5,7153.097720159928
1140,7JJKBRKBD0KBW,8887.971627174193
1141,1712NS1HTNCTV,-2339.008388656359
1142,1KNHRC877V688,2012.2537848340244
1143,7D2ADKZFA0RJ,5066.672031732065
1144,6GF8EJG12WJ7Q,9269.392399971868
1145,7Z6TVGZA39E9F,5601.344161043627
1146,6C31471JZA81M,-138.57359738424339
1147,13XK1P4Z0874E,7546.0324339564495
1148,3K68ER53CZQ07,5669.472923842739
1149,29TRTKSFT2XJD,12067.610398361528
1150,5NWHGAR0MSFJH,9330.78906760834
1151,7679MC2T6F3F0,3928.913666592995
1152,6AFWJZ8NHF32H,11451.11127472893
1153,65GFQR84BJ1SB,4344.926768202908
1154,2WT8SJQHE20YE,5356.425668984353
1155,18GXKQ324R24J,9235.77346299332
1156,1QYTTVRNVWYES,5013.394435587466
1157,1TCTY65QJYZHJ,574.4897578532878
1158,4RDTMEYYAB14B,11987.840781615894
1159,15JX3MR4NKVVA,6168.332301381556
1160,BB3WPWETRCFW,11363.182889769942
1161,2E4DBC0CJ4BYS,7521.435528278216
1162,4R92EPJAZD0XM,2104.6380550967106
1163,46KRCJG4XHG17,5640.148338745214
1164,281VQYBDNZTV4,5659.746255180444
1165,1QET89GP1EHPY,5946.873121808683
1166,5FAF1D5BXVJ21,11284.347466105777
1167,45HCS0MD80TZS,10215.23841133111
1168,V58QNE5XJ9X9,7427.175311031443
1169,7D14KFDQQ0EYR,4286.579420661733
1170,1W462XX4RH2GH,6006.923344899323
1171,5J25WQ28VF02B,7394.098835745023
1172,5KX360XM04XAC,12139.66238952856
1173,38XTSWZVWAPYT,9939.198364391712
1174,W6VWEY808FC0,13145.907632187966
1175,6S2CJ02K98X8P,-342.0619488655334
1176,203SF9C6GMGAK,4302.35540909167
1177,7F4T756KCDYHV,3723.2796415985104
1178,46F7FRW82JD1A,5834.996961886696
1179,4R81AH9MCSEC6,4830.138216045154
1180,7S612NNEJ1GFP,1477.1421890719816
1181,42C7TVQSQRQE1,5617.937333227433
1182,FARN91WM4DKC,6550.869007629868
1183,7Y0B4Z0XYCHJE,2358.1809617074878
1184,6NMHAKDZH0JE,4683.954101299316
1185,7HPWRNCJRQ2YD,4273.307233385167
1186,62SZCQRQCFAXG,8775.579235118203
1187,58JPY2YF95QX0,5782.314620655898
1188,7VCSRNWP57G9M,4979.7924991598975
1189,6S9PHGBEBR4EA,1295.6649068940096
1190,16Y1QJE55YRCE,11226.322079565296
1191,YX8JV29PX54W,147.18780687514163
1192,6N8WGE062SFKH,3215.2949786275813
1193,7EM3JJCJ8ZCSB,2581.0488736020066
1194,2Y8PJGRFYNBQK,-572.3508958078016
1195,4JNTPXARABGSY,6805.802115325995
1196,A6Z4BXFVPRA0,6579.565002527756
1197,200NWJYKE1H1E,8637.870673050402
1198,6CCRF0W2M69J4,6382.577225794811
1199,33C8WPAPTF5ZX,5879.423070985759
1200,7CH3Y25KN7RVQ,13972.240303437262
1201,4N9AH16N5P2SG,2989.500625368344
1202,361BSXRRBYJ16,7880.013656783162
1203,1TAF0WS803S91,8155.21652269007
1204,4S8HNB0WSM9PH,8455.02523716668
1205,7BJHV389T0QFG,11685.06774572597
1206,22EX3GR95KRCN,4763.084009942754
1207,2BF59F59Z3SJW,6983.802219175723
1208,NQRX0T9CJG4W,7286.118003657012
1209,1JMBCFHKAPT4W,11180.410123639449
1210,4RY158XENHM85,7213.542302317923
1211,3R7FKNRXVE62Y,7427.897762189978
1212,33JSWG2C94BXD,2212.001573391401
1213,1ZC3BAJ36YYHG,8423.316380483284
1214,1H2ZRXK41NSBE,11756.720913726727
1215,P240KBW7CF20,4042.099694145786
1216,7H72DHSDJMJ6Z,10359.650709167698
1217,16JBYNDEKQH0N,11075.871904315125
1218,39D20YPCH381F,3043.3364214092226
1219,1J74TSW821DAE,5220.37289305132
1220,5932N07VE2QWB,11923.800574047116
1221,16JZE6S9Z5YKX,3284.07220797351
1222,7PETHY5EZTE19,7460.996266956271
1223,Q923CHZ77PNP,11014.752179715673
1224,4HJ98KS9YJE5X,8439.292528690417
1225,30FPM8NWB6VCR,4066.728247231981
1226,31QSGFTBN7DKV,9663.507484671838
1227,7RPG4S6K36TT5,3518.842636717294
1228,67X76BS54SF2A,7357.006197629694
1229,4642GVNDDYDV5,7097.939323922866
1230,3P2WSCZ5GJ3M7,8503.402081838223
1231,44MRM77WTZB6Q,-196.00334716435918
1232,6VVWNC9SJKS6B,2871.2745454290457
1233,4X2519HZS6W78,3325.99218537496
1234,6ASE7R43J7RXF,5575.148460216246
1235,2JJREDXGK2B1D,6599.570633538765
1236,10W2QTZRVTRZB,5631.9223850304215
1237,4NK0B18Y0X8DX,4343.4926850385145
1238,21E0813C8FDBJ,13639.495516629402
1239,3252TA683JP9P,8648.264208835892
1240,23CT557DW0WBB,-758.9106307057477
1241,1SMR8GRAQH4CV,4431.211726802499
1242,3TM9Z27DM97CW,11808.185200361302
1243,5EZ91KQ68Y9YT,1479.9615898889565
1244,1Z7FS34BTT8TH,7925.523124014178
1245,GT4KN8SP1GBV,12843.155816895436
1246,5ASA9MMYZJWX1,13311.2866144107
1247,1F5X4G1CGT5GW,7986.772350766677
1248,66G0XG0BPCHZN,10078.84554360052
1249,40F1VAQ593XG9,10181.597441261212
1250,59075XDWY84ZT,6755.101505082884
1251,44H7QMCV3Y6Q7,9946.068541596753
1252,36SNBTNR18P4R,4921.85303412782
1253,7XWRG26AZ06DA,5210.055133441363
1254,69ZQK18J3JMD1,204.13458553819692
1255,KQE7REVZTKAP,7649.706174575496
1256,73TTS3D6TVEY1,9537.496795008905
1257,6AQAWHNQGE939,10555.569045998102
1258,4QTRYCM6XAT5Z,5299.843389792879
1259,2P939PN2CYKHX,10161.35499315543
1260,5E43FX60TZMN2,8739.186803319448
1261,71FRJYQMG0DDD,497.0659916659764
1262,2C0Q65Q4BFD5X,10363.907528932428
1263,4VPPRRED9EQ40,9360.217288688305
1264,1Y6VEGWBGY644,13803.930928432204
1265,4Q78V4M2GAW7X,5783.532985770623
1266,660H0HXYQ1JCV,6647.20651168826
1267,78E0KDXE56SDQ,5880.907770501165
1268,XWH1V20WY43H,12785.121047657445
1269,53GNMBJS23H1G,4316.863989871979
1270,6X5N99FRHM5G1,9089.18772892369
1271,RKHN2GYEEZMV,9377.291118773555
1272,6TZYB47WHZF87,12919.614910319888
1273,44B56T8DZKNSE,7563.77174275089
1274,22K2EJ5Q6ZVTP,10097.355335580796
1275,ZPM1WWAFSNHH,12937.498008183738
1276,7G0Z9XVAQFG,5233.577616199637
1277,6NKEEGW17WFH9,6603.212402106683
1278,4W90M3JC944RY,9161.23115136108
1279,2TNBH196EKTKV,10852.812723374693
1280,15C8FZ7DDX5M1,6493.094928633697
1281,7DDMETNXEEB91,3483.534689961447
1282,2RW9TJA4BP493,4601.561101978634
1283,5Q2ZT4WCWAVK7,8860.755773043387
1284,56VBW6YF4A3H3,-990.6365861647432
1285,7WA44H0W1A5MY,6822.829040327538
1286,7GWKM4TS6WSFY,382.5612726825801
1287,5K4T1R2N04GC,5048.582416112569
1288,339JEVJYGY1Y2,12260.793241258936
1289,C2SHTM8063J9,6150.11658174346
1290,3K8CWDQ980H1J,7072.007516749056
1291,7S9T6MDN95Y4H,5889.160964208643
1292,2WZNP9N5FQY3K,9030.217348396593
1293,43HA522SBTDKC,7790.926226929788
1294,5HVKAJ2GJ416A,7647.661826587893
1295,2RCRG4J4SG1D1,8563.56077034141
1296,AV3DQB9CX9CK,9267.877335533072
1297,1JAJ4FA6D6RGK,6232.090754969594
1298,2H14K9B0YPTWV,10063.160480402057
1299,1B3AZ1YQZBPHX,12291.544607038784
1300,12FY3GV5JKMKM,9151.842833959268
1301,GW4HB17VHP5J,3794.798955655009
1302,4QTEYWZNFQT5R,3682.4811114890713
1303,7A486AGZP02RK,9147.886082917605
1304,5N9ZNSPX4J13H,11601.505496837228
1305,6K3WR0GFKJWN3,4672.882601821646
1306,5822Y7GTA1HS0,5044.553443996271
1307,1V2ZCBX05GWZQ,3861.7384447169975
1308,1V0V06GSRAN8F,8670.162947842338
1309,1T2BBYP3C77RC,11041.766498936046
1310,696P08QJ1WWZ1,7979.4683422748485
1311,3F6KAS8J1W9MJ,7983.1281304258955
1312,21W7522YEXFZ1,6486.262752382173
1313,72S8B9X50CRRH,7730.25600335408
1314,38201J8T1EG52,3962.9634678750326
1315,3N3CZR81VXSC4,10519.787446939212
1316,68XAKA2JKT9S5,2461.978946429181
1317,498VB1WXMX7DG,8216.869777847778
1318,1P4BKMAC3MGMT,9136.222296724893
1319,1F4Q8MNJJAPWJ,5075.460702998789
1320,2093MG30W3QTM,4460.811304925703
1321,25BQ5WDMCHQ28,8702.255663232023
1322,2T5M4Q9J7GJYS,4034.808637282493
1323,5B5PNT3HA1AXD,14099.657594778466
1324,5ZN7NK1X1PW68,8963.140264863447
1325,7TTRC9SS706N2,8691.56434591395
1326,6PH35SFFSNDNY,6813.913940453464
1327,2D6TDVFFH4J1X,2876.366374072998
1328,84TC7CEGK4KN,10035.316896013872
1329,3S1371BZ9Z28C,3313.988021388194
1330,2SNHEB9J0CB03,7508.116103966443
1331,JQJ23RWKSNCM,8782.039556639356
1332,78QMTMSH1GXM6,4795.230583154526
1333,6SMECHRKXT3E9,4517.301380756891
1334,5764EEG9AGAW,7006.129926671746
1335,6MBH44NRBH8BP,5714.373705522186
1336,4V8H2WH47ZWN2,3656.2806768598493
1337,MC274RXPKHTG,8546.135028650082
1338,7XNEWS9C7KFF,5064.019618778277
1339,7808TD9BGEA6P,7858.514657699357
1340,JF1WQ4QW9F5N,10135.397704063766
1341,159M3VJ8QCF7D,4097.945102237529
1342,4F0ENKEA043EQ,6400.230960511468
1343,1ZVQQB809M54S,7803.957800856514
1344,415SGF9Z5WGVV,6071.11271345997
1345,4SRR8SF5GMA9X,7350.417177270285
1346,1MGR2F6GM184M,12183.267639607297
1347,1TRP80C5PJD18,4845.208947356168
1348,5KQ26WZM4A218,1015.3833143296455
1349,6MKB1R3CE6G7T,9630.52873318081
1350,1JF4RCES3XCMV,8316.723444208772
1351,6XWWKGKB0CM6E,9821.945502942825
1352,7S5NMM80FA2NA,8237.30230176498
1353,1RK7262C492V4,10792.236110951631
1354,4K2KCBAA5NWR2,9191.177138552684
1355,7H7P4760TWG7X,6195.909559778824
1356,13AND0BHBS850,5488.315865629948
1357,7EZB5R8NR5YY4,11381.262306289704
1358,8CT28YJ69RAR,10171.948651183244
1359,6GPBT7C7BWBB6,10131.047235429178
1360,J9THPKC1S89G,6900.568433870478
1361,2NEHZ3HBD3KC9,12082.952040486776
1362,7274QWGCKPP87,9388.13023890341
1363,2MGXZ0JY6JK4S,7300.459473920342
1364,3888RCJGA01K4,759.29701736889
1365,5W4SSQ796N2GB,5666.66957778496
1366,2B02P1CTMBJ57,14471.458567153877
1367,7ECAHX8W4HGSK,10284.389896040579
1368,4AAPCCXD5QV55,9257.090104059036
1369,2E8QPAWCM92GC,10045.543445319796
1370,2YDPJG9WQJTVT,7223.728572567028
1371,4ATBV89NHRPGW,5364.741173518651
1372,DE2R70JW3RYK,6557.049329875789
1373,1Y7N23N3Z8352,10671.724208791511
1374,3H8D37PZ9RNY,4917.292649809093
1375,65X0Q6A9DCG7X,6062.779367318913
1376,6KCPMBHG96F5G,2986.2476791355357
1377,TBFFGVVD3FD1,1136.716367862732
1378,48R4DHNQCHS70,4108.042269731645
1379,5P043J5KT9NKT,7673.993975711267
1380,3B6C0J5YQW079,14455.044459474328
1381,5E5FF1C2MCJQF,9228.506550870668
1382,43HP0C6MQVN98,8914.655177085031
1383,41XCV06A3QRHK,8102.41223159241
1384,7J3T5FM1JN9ZR,9758.098271178394
1385,2SGGAQ65TRYAM,7633.954599348049
1386,4032Z38JMT5N,7687.079971456088
1387,4MHPV82E6C7XC,9579.389247448951
1388,4CF8YY6HTQA8Y,7101.4525232776305
1389,67ES57VYAGS7V,3592.830918659961
1390,51A9CFP8PSQDD,6869.452382948389
1391,24G34F607RMDV,7399.214086934116
1392,51A0HGHN09CVX,6439.021600156792
1393,7C1KXD68FSX2S,8505.600840028492
1394,2ANC1HN9SW338,5565.539596143713
1395,7RA8P5VPGGE99,3108.7466381955564
1396,1EMMJWVEWXF4C,5356.694627141351
1397,259D0QPR9R45H,-361.6778013233252
1398,5PQXQH0YB0XNY,10152.164277556018
1399,62VDWDRDV2TH3,13060.100628987428
1400,1RBRRAV093V85,6314.685883251516
1401,7GZQY1NGN4PFZ,5655.154861073099
1402,15CQT089XJQZY,10259.367202818099
1403,ECW7GWSHTMZT,9530.37203270512
1404,5CV9K9B8BJHHD,9789.446576770155
1405,JQXPYENZPQ2E,4686.401438470053
1406,CNB0KW0JESZH,2737.9912077484905
1407,743MTQZG0ZDYH,9959.84086016212
1408,39CJ6XGFT9FYG,8855.994540341931
1409,2KCB309MY5EE6,9602.60338461346
1410,3X1VN46E6TR3D,8575.867975870764
1411,6ZGBMJHDC5QQQ,7918.48993967579
1412,K6GZERDFZ9AE,15635.924651761285
1413,6RZWW8CVYNT5Z,8141.730525220384
1414,3AQQHTNXCMZ7M,7010.851896415572
1415,2EV9XXRQFF7ES,1971.5153170782582
1416,3198V4C41ZEK6,11368.271719490738
1417,56N2DK6WT93RS,4839.142121548273
1418,YJW093S3P3G6,8860.709906794007
1419,354DHK1PXP2KS,5612.953269902544
1420,4SXCCWNR0H4ZW,1901.3184359178058
1421,1Q9TJK2PPT9HT,8521.341896846816
1422,3GYWF0XS1SGKX,7906.055591525795
1423,5DE4Q8X84EMAZ,6965.431827184307
1424,DN4ZPWMX733K,3088.450826022953
1425,PXKKER11N2PB,6225.008830797255
1426,7SBNAV59RWRKX,-2401.3743409243325
1427,T8AX9S64M6YR,10766.933490652598
1428,731YNR4XQ5PSE,10069.065506721141
1429,1H1Z3N9T10FDN,13476.89874550745
1430,XA1BR6D5M12C,12028.266752557432
1431,2G87961RAXWZB,7486.298212537846
1432,QDJ47HTPGK0M,5715.3889518613205
1433,1F9STZ8RE53PQ,5156.496238302399
1434,5AVDQBBSGEZKF,3207.9652981081063
1435,7J7ECFA996RN7,3255.559551279978
1436,3W0QFTGBBRFQB,9984.012136411766
1437,2S7D7H6QPF916,12180.348089592935
1438,K6T0GDF5QT86,9584.4859593884
1439,67J9MQ4P3DR2E,6342.607699245274
1440,2X55BWG0DAF4V,5850.069477589408
1441,71FFZGVZ49CJ4,6811.9132599916165
1442,2ZZ4KFMP06WZ1,3278.9437975059573
1443,6FYANAM1CJAEM,1183.6518752049815
1444,K8GQX586KN2G,12915.35662720412
1445,5PTKA0ETGE6BP,2464.785051571496
1446,2FRAA8B0E2H8B,8650.712806305088
1447,18WV4TMPKD827,5341.990558056157
1448,1FF0B2VK5GZZX,8329.75665623293
1449,2H6H0ZBZ3HNVD,3659.048595691486
1450,2EZD6EF6NDS29,3867.6085251636723
1451,1GPEE4N8G6EBJ,8693.636361909197
1452,EQNYJ2462JND,12162.176307648562
1453,2CM6F8VVQ52W0,4660.050997863549
1454,7MHZSF3D1QH84,3794.882143833939
1455,T3JCFDHNXKXP,7662.358880421677
1456,1X6M3GSWHB7XF,9176.601433461581
1457,65N5TXH8D7M18,11591.43131683653
1458,1EKB7CC0V5HHK,8502.454871529515
1459,AKZ0YJWW5R6T,9702.415064875262
1460,4D84EHF5MN93S,12352.364858388857
1461,4ZPA9N9F3RJRC,10349.475527759292
1462,5GNW9FSH7TKTM,10608.185471195437
1463,2HH7W4PHHPVNV,-454.3526094053491
1464,3EXEK2JXWJBD3,8734.435842910709
1465,SWY9PZVHCDX0,4929.826719701186
1466,4NJMPP4PZZZ67,5550.557283816006
1467,24Q6WZ17DP1AX,9209.269295181628
1468,15M0QF9QH77AJ,7980.817979137145
1469,30BW1NYWTA928,8853.350827228089
1470,3B8ZVZNGFHH4T,3913.9382515305074
1471,21M73FANWCHD6,9674.217145188173
1472,V0SY4DAQVC3V,6691.758859594869
1473,6PD93ZB2V577Q,5304.909122167959
1474,242HY6HJW2KE0,13598.311505225938
1475,1BEJYWQX7NPJF,4439.223772020504
1476,6SQ3J1K5MY0JD,5412.06343150937
1477,8A6Q8NKWGYJQ,8586.10389092749
1478,7X4G661X5ZZMG,7891.974302313326
1479,3G54BEE8SE0ED,-2437.821049590471
1480,5Y4KM0MVDMGAE,5866.566929458996
1481,5J7CWQVZNGTFZ,6718.318663780325
1482,5HB5FNVGF3EK5,6130.982546572634
1483,64MBMB3ZVXDEZ,8571.112540690552
1484,7Y301EK2WH5W1,2875.285127082597
1485,1D3BSHD9Q0NJ5,4105.141197367739
1486,5H56Y4RJY926M,8736.977886198893
1487,7ZFHAS3PQ41CF,6834.783402897946
1488,6BAB08KXKCM4J,6902.188323152635
1489,V64MK1C4FRVE,3173.943486670387
1490,3BNC4XGQ64TA1,6732.776773882348
1491,6ZJYYQ6CT0W9E,2868.0648352195767
1492,3BFMZK9K4EYQB,10131.679431960642
1493,AJXXZ5TDQM7S,10197.673795887524
1494,4XNB9KHXTKQA4,883.3841248635106
1495,2NXYM1JTKCZ49,7264.315643336108
1496,7EYSW43B3YTQ2,10565.03285359187
1497,2TC3DNBXD8F9B,7956.692468439715
1498,38V9RSDBQ5KB7,6006.099471669456
1499,26XBBVK8634M7,11518.489236991554
1500,7QS97PRQ0GM54,3087.348322520971
1501,462W2NRK0P9MN,1086.0130564960086
1502,3REJH2N4VHJQ5,8561.431945825148
1503,3Z1PQ08RGVZRR,5936.168783762411
1504,3ATXCDBFETGGM,8337.696519629531
1505,15ABT9MTNMEQ6,1359.5179326485545
1506,5FTP5KMYV9E03,11694.01939019241
1507,15QZERFQEJ9DA,1977.5950112229211
1508,7JDF7X9CYWNV4,6999.856344871905
1509,6J5T41JT5YNX2,7414.745962360718
1510,7FN0D65W6KC1Q,8827.451436624237
1511,36BYH72KPQN0H,10851.897281460926
1512,RYTP1HWQWSXN,8288.416151060643
1513,7WEF408BPWQAJ,7010.017790483653
1514,2SS348KZ3FQHM,6286.99228938234
1515,7V3BPFEYVEN7G,6162.3323940501605
1516,55AW20SNYK2FT,6474.584935084543
1517,14TK0PH3E1PXA,8858.940078579657
1518,7D4F3JP9KC5BR,9759.578971967734
1519,7J6R2N7NASZ5F,5247.730181981775
1520,JP267NF7680K,5454.430144285844
1521,5TB4V012XRX2J,8829.523480242176
1522,1M81SQ20HCJ79,9292.74447849018
1523,13M0MKY2E9C8R,9955.289448007301
1524,7GEMK2M862EMK,1842.4041357970377
1525,2R3Y4EMJHVV9J,9743.222855928823
1526,7D4ET7HCHVWBV,10887.264314926866
1527,7AJMKDCAHKR4J,7250.655948915118
1528,5B7XF2PVEEX66,11602.488473560064
1529,2PVJEGNCXW92X,4860.01403955846
1530,6K3Y6P69Q8PP3,10265.505853564337
1531,4T92GQRY60AHQ,2978.107601512176
1532,642F7XZFYYTHS,7783.812785756726
1533,5JZZHDNSQX6WB,2066.5737778795065
1534,4AN324ZY0JJJX,10091.109600263866
1535,4C06XC21589HZ,9001.474916152649
1536,24VSEDSSHPHJV,7994.868287843773
1537,15JTYHK06SS3G,8202.050740869978
1538,2T615K8ESXT0N,4306.715915959783
1539,HZE07PMRQHAE,3144.927742715307
1540,54ZND9FHMXZXK,8436.325373511923
1541,314WCPWY8HN10,8096.398999432655
1542,SYYXXTGSHDC7,8938.978931218891
1543,3NF2031EEM5P2,4674.13228346056
1544,6M3YJX4WSSS9T,13551.107702322231
1545,1NMFDV7R7BWGV,6326.562997094132
1546,6G2W01VG2MG3K,4027.7333260898577
1547,5GYCYM5P4E942,5067.547332811803
1548,1RYQ5X6EZ62J1,3301.5123019574594
1549,45K3WQV7SNVFP,4929.24825570577
1550,52VM44MNZ9KTR,9006.520226433422
1551,2KH5Y8E0FEZ4Y,9665.545650676904
1552,3PDD4G70C59E5,4635.010037452189
1553,297DB4A43694R,9758.373491770439
1554,6YEQXMRRGN92K,12178.933366905232
1555,73R1KPE07JQQ,8146.726379251702
1556,H4MZQ77E5YW9,9450.871035955359
1557,3YMR13REVPP1J,2892.442935717103
1558,699EKBZD3FK52,8777.520356819816
1559,5P1N1SSPS6BFF,3656.302451812923
1560,AJWW9W4P4EGN,5233.3233086344135
1561,2M0X7HSFWH91C,4548.64520852734
1562,6P9DJ7XX7E5QZ,10185.597215879981
1563,1WQ89310XQ6A5,10857.027564464144
1564,1FXW0QJAMN54B,10412.465673628354
1565,5AXNDAT3762YE,6502.229202571381
1566,7SFAZP2VWZASE,4162.021716737016
1567,1NEE96RRE6CAR,8886.196337999936
1568,7W666TM7EP0A0,9488.065921058416
1569,PDPVVARYDZZY,6567.178003984404
1570,2VMSGWQ1N53ZV,11586.566570761493
1571,21KEYXC2CYMDZ,8307.979049821162
1572,5M89670QTZD6Q,8323.02191353424
1573,6X2AVEQ1FSA8V,7591.840926869604
1574,1DNH81XYTKT5S,11309.264609535887
1575,169K837R415CA,7809.716401076459
1576,216PJEZSF2J5,7783.054355487607
1577,35E9CASK27PWZ,7387.836861166099
1578,8684208HD15E,5451.338279010922
1579,6GYTYDPF9KAVV,5825.088481576622
